CREATE TABLE IF NOT EXISTS Rainfalls (
    StationId VARCHAR(255),
    TimeStamp VARCHAR(255),
    Level REAL
);
INSERT INTO Rainfalls VALUES('015313','2022-12-12 00:00:00',0.0);
INSERT INTO Rainfalls VALUES('015313','2022-12-12 00:15:00',0.0);
INSERT INTO Rainfalls VALUES('015313','2022-12-12 00:30:00',0.0);
INSERT INTO Rainfalls VALUES('015313','2022-12-12 00:45:00',0.0);
INSERT INTO Rainfalls VALUES('015313','2022-12-12 01:00:00',0.0);
INSERT INTO Rainfalls VALUES('015313','2022-12-12 01:15:00',0.0);
INSERT INTO Rainfalls VALUES('013336','2024-02-08 08:15:00',0.0);
INSERT INTO Rainfalls VALUES('013336','2024-02-08 08:30:00',0.0);
INSERT INTO Rainfalls VALUES('013336','2024-02-08 08:45:00',0.0);
INSERT INTO Rainfalls VALUES('013336','2024-02-08 09:00:00',0.0);
INSERT INTO Rainfalls VALUES('013336','2024-02-08 09:15:00',0.0);
INSERT INTO Rainfalls VALUES('013336','2024-02-08 09:30:00',0.0);
INSERT INTO Rainfalls VALUES('013336','2024-02-08 09:45:00',0.0);
INSERT INTO Rainfalls VALUES('013336','2024-02-08 10:00:00',0.0);
INSERT INTO Rainfalls VALUES('013336','2024-02-08 10:15:00',0.0);
INSERT INTO Rainfalls VALUES('013336','2024-02-08 10:30:00',0.0);
INSERT INTO Rainfalls VALUES('013336','2024-02-08 10:45:00',0.0);
INSERT INTO Rainfalls VALUES('013336','2024-02-08 11:00:00',0.0);
INSERT INTO Rainfalls VALUES('013336','2024-02-08 11:15:00',0.0);
INSERT INTO Rainfalls VALUES('013336','2024-02-08 11:30:00',0.0);
INSERT INTO Rainfalls VALUES('013336','2024-02-08 11:45:00',0.0);
INSERT INTO Rainfalls VALUES('013336','2024-02-08 12:00:00',0.0);
INSERT INTO Rainfalls VALUES('013336','2024-02-08 12:15:00',0.0);
INSERT INTO Rainfalls VALUES('013336','2024-02-08 12:30:00',0.0);
INSERT INTO Rainfalls VALUES('013336','2024-02-08 12:45:00',0.0);
CREATE TABLE IF NOT EXISTS RiverLevels (
    TimeStamp VARCHAR(255),
    Level REAL
);
INSERT INTO RiverLevels VALUES('2022-12-12 00:00:00',0.375);
INSERT INTO RiverLevels VALUES('2022-12-12 00:15:00',0.375);
INSERT INTO RiverLevels VALUES('2022-12-12 00:30:00',0.3739999999999999992);
INSERT INTO RiverLevels VALUES('2022-12-12 00:45:00',0.375);
INSERT INTO RiverLevels VALUES('2022-12-12 01:00:00',0.375);
INSERT INTO RiverLevels VALUES('2022-12-12 01:15:00',0.3739999999999999992);
INSERT INTO RiverLevels VALUES('2022-12-12 01:30:00',0.3729999999999999983);
INSERT INTO RiverLevels VALUES('2022-12-12 01:45:00',0.3739999999999999992);
INSERT INTO RiverLevels VALUES('2022-12-12 02:00:00',0.375);
INSERT INTO RiverLevels VALUES('2022-12-12 02:15:00',0.3739999999999999992);
INSERT INTO RiverLevels VALUES('2022-12-12 02:30:00',0.3739999999999999992);
INSERT INTO RiverLevels VALUES('2022-12-12 02:45:00',0.3739999999999999992);
INSERT INTO RiverLevels VALUES('2022-12-12 03:00:00',0.375);
INSERT INTO RiverLevels VALUES('2022-12-12 03:15:00',0.3739999999999999992);
INSERT INTO RiverLevels VALUES('2022-12-12 03:30:00',0.375);
INSERT INTO RiverLevels VALUES('2022-12-12 03:45:00',0.3729999999999999983);
INSERT INTO RiverLevels VALUES('2022-12-12 04:00:00',0.375);
INSERT INTO RiverLevels VALUES('2022-12-12 04:15:00',0.375);
INSERT INTO RiverLevels VALUES('2022-12-12 04:30:00',0.375);
INSERT INTO RiverLevels VALUES('2022-12-12 04:45:00',0.3760000000000000008);
INSERT INTO RiverLevels VALUES('2022-12-12 05:00:00',0.3760000000000000008);
INSERT INTO RiverLevels VALUES('2022-12-12 05:15:00',0.3770000000000000017);
CREATE TABLE IF NOT EXISTS StationNames (
    Id VARCHAR(255),
    Name VARCHAR(255)
);
INSERT INTO StationNames VALUES('016140','hexham-firtrees');
INSERT INTO StationNames VALUES('015313','acomb-codlaw-hill');
INSERT INTO StationNames VALUES('010660','catcleugh');
INSERT INTO StationNames VALUES('010312','chirdon');
INSERT INTO StationNames VALUES('008850','kielder-ridge-end');
INSERT INTO StationNames VALUES('014555','haltwhistle');
INSERT INTO StationNames VALUES('013878','knarsdale');
INSERT INTO StationNames VALUES('013553','alston');
INSERT INTO StationNames VALUES('013336','hartside');
INSERT INTO StationNames VALUES('015347','allenheads-allen-lodge');
INSERT INTO StationNames VALUES('013045','garrigill-noonstones-hill');
COMMIT;
